{
  "nationality_marginal": {
    "Americas (excl US/Canada)": 0.019314051504137345,
    "Europe (excl UK)": 0.06694184517825381,
    "Pacific": 0.07474286598097594,
    "South Africa": 0.13821436857164954,
    "US/Canada": 0.023954063877503675,
    "Africa/Middle East (excl RSA)": 0.02408939757172686,
    "China": 0.10800595468254583,
    "Phillipines": 0.10287294099450932,
    "South Asia": 0.1794718119248318,
    "UK": 0.18171448457195885,
    "Other Asia": 0.08067821514190704
  },
  "relationship_given_nationality": {
    "Americas (excl US/Canada)": {
      "Presumed Spouse": 0.3153153153153153,
      "Presumed Child": 0.1906906906906907,
      "Self": 0.493993993993994
    },
    "Europe (excl UK)": {
      "Presumed Spouse": 0.26945848375451265,
      "Presumed Child": 0.2207942238267148,
      "Self": 0.5097472924187726
    },
    "Pacific": {
      "Presumed Child": 0.35566476978789446,
      "Self": 0.40222452146921883,
      "Presumed Spouse": 0.2421107087428867
    },
    "South Africa": {
      "Presumed Child": 0.37634634214575463,
      "Self": 0.35137781507903204,
      "Presumed Spouse": 0.27227584277521333
    },
    "US/Canada": {
      "Presumed Child": 0.2861178369652946,
      "Self": 0.4774011299435028,
      "Presumed Spouse": 0.23648103309120258
    },
    "Africa/Middle East (excl RSA)": {
      "Presumed Child": 0.4044943820224719,
      "Self": 0.36998394863563405,
      "Presumed Spouse": 0.22552166934189405
    },
    "China": {
      "Presumed Spouse": 0.2540051910856529,
      "Self": 0.5836391300456457,
      "Presumed Child": 0.16235567886870134
    },
    "Phillipines": {
      "Presumed Child": 0.36731817327570004,
      "Presumed Spouse": 0.2315354256718662,
      "Self": 0.40114640105243377
    },
    "South Asia": {
      "Presumed Spouse": 0.23753097059140363,
      "Presumed Child": 0.2151244209845955,
      "Self": 0.5473446084240009
    },
    "UK": {
      "Presumed Spouse": 0.2575273965315459,
      "Presumed Child": 0.2822640706458134,
      "Self": 0.4602085328226407
    },
    "Other Asia": {
      "Presumed Child": 0.3274622573687994,
      "Self": 0.4422477833692787,
      "Presumed Spouse": 0.2302899592619219
    }
  },
  "tenure_distribution": {
    "Presumed Child|0": {
      "0": 0.7022078621432418,
      "5": 0.29779213785675823
    },
    "Presumed Child|10": {
      "0": 0.33850914205344584,
      "10": 0.20579465541490857,
      "15": 0.05575246132208157,
      "5": 0.399943741209564
    },
    "Presumed Child|20": {
      "0": 0.10707385941447466,
      "10": 0.2721801159161837,
      "15": 0.3041313716748402,
      "20": 0.1562639322336157,
      "5": 0.16035072076088572
    },
    "Presumed Child|30": {
      "0": 0.004942058623040218,
      "10": 0.13735514655760053,
      "15": 0.31441717791411045,
      "20": 0.5187457396046353,
      "5": 0.024539877300613498
    },
    "Presumed Child|40": {
      "15": 0.12012012012012012,
      "20": 0.8798798798798799
    },
    "Presumed Spouse|10": {
      "0": 0.6211180124223602,
      "5": 0.37888198757763975
    },
    "Presumed Spouse|20": {
      "0": 0.5302790942601369,
      "10": 0.06635071090047394,
      "15": 0.020010531858873092,
      "5": 0.38335966298051605
    },
    "Presumed Spouse|30": {
      "0": 0.3742202284993341,
      "10": 0.13072124483072825,
      "15": 0.02887782995724399,
      "20": 0.011915609448377374,
      "5": 0.45426508726431625
    },
    "Presumed Spouse|40": {
      "0": 0.2491403797279115,
      "10": 0.22260427567648378,
      "15": 0.13567050381222903,
      "20": 0.061369412468231424,
      "5": 0.3312154283151443
    },
    "Presumed Spouse|50": {
      "0": 0.09697805354475468,
      "10": 0.22900149373779158,
      "15": 0.28599333563139145,
      "20": 0.22865678501666092,
      "5": 0.15937033206940135
    },
    "Presumed Spouse|60": {
      "0": 0.031946955997588906,
      "10": 0.16244725738396623,
      "15": 0.3182640144665461,
      "20": 0.42616033755274263,
      "5": 0.06118143459915612
    },
    "Presumed Spouse|70": {
      "10": 0.13279678068410464,
      "15": 0.33400402414486924,
      "20": 0.5331991951710262
    },
    "Self|20": {
      "0": 0.39001800874710574,
      "10": 0.05338307177772061,
      "15": 0.007718034473887317,
      "20": 0.0061744275791098535,
      "5": 0.5427064574221765
    },
    "Self|30": {
      "0": 0.2573561842353979,
      "10": 0.20669775061432802,
      "15": 0.04949278558376914,
      "20": 0.025392224812551194,
      "5": 0.46106105475395376
    },
    "Self|40": {
      "0": 0.1914252219058784,
      "10": 0.20947077541450343,
      "15": 0.1678948249874393,
      "20": 0.11928487690504103,
      "5": 0.31192430078713784
    },
    "Self|50": {
      "0": 0.09309919454321167,
      "10": 0.1885204266744068,
      "15": 0.27697554604165153,
      "20": 0.26231768376750597,
      "5": 0.179087148973224
    },
    "Self|60": {
      "0": 0.018408437200383508,
      "10": 0.14899328859060404,
      "15": 0.3221476510067114,
      "20": 0.45465004793863856,
      "5": 0.055800575263662514
    },
    "Self|70": {
      "10": 0.0636237897648686,
      "15": 0.27385892116182575,
      "20": 0.6625172890733056
    }
  }
}